Start,End
2023-06-07 10:00:00.000,2023-06-07 12:00:00.000
2023-06-08 14:00:00.000,2023-06-08 16:00:00.000
2023-06-09 10:00:00.000,2023-06-09 12:00:00.000
2023-06-14 10:00:00.000,2023-06-14 12:00:00.000
2023-06-15 14:00:00.000,2023-06-15 16:00:00.000
2023-06-16 10:00:00.000,2023-06-16 12:00:00.000
2023-06-21 10:00:00.000,2023-06-21 12:00:00.000
2023-06-22 14:00:00.000,2023-06-22 16:00:00.000
2023-06-23 10:00:00.000,2023-06-23 12:00:00.000
2023-06-28 10:00:00.000,2023-06-28 12:00:00.000
2023-06-29 14:00:00.000,2023-06-29 16:00:00.000
2023-06-30 10:00:00.000,2023-06-30 12:00:00.000
2023-07-05 10:00:00.000,2023-07-05 12:00:00.000
2023-07-06 14:00:00.000,2023-07-06 16:00:00.000
2023-07-07 10:00:00.000,2023-07-07 12:00:00.000
2023-07-12 10:00:00.000,2023-07-12 12:00:00.000
2023-07-13 14:00:00.000,2023-07-13 16:00:00.000
2023-07-14 10:00:00.000,2023-07-14 12:00:00.000
2023-07-19 10:00:00.000,2023-07-19 12:00:00.000
2023-07-20 14:00:00.000,2023-07-20 16:00:00.000
2023-07-21 10:00:00.000,2023-07-21 12:00:00.000
2023-07-26 10:00:00.000,2023-07-26 12:00:00.000
2023-07-27 14:00:00.000,2023-07-27 16:00:00.000
2023-07-28 10:00:00.000,2023-07-28 12:00:00.000
2023-08-02 10:00:00.000,2023-08-02 12:00:00.000
2023-08-03 14:00:00.000,2023-08-03 16:00:00.000
2023-08-04 10:00:00.000,2023-08-04 12:00:00.000
2023-08-09 10:00:00.000,2023-08-09 12:00:00.000
2023-08-10 14:00:00.000,2023-08-10 16:00:00.000
2023-08-11 10:00:00.000,2023-08-11 12:00:00.000
2023-08-16 10:00:00.000,2023-08-16 12:00:00.000
2023-08-17 14:00:00.000,2023-08-17 16:00:00.000
2023-08-18 10:00:00.000,2023-08-18 12:00:00.000
2023-08-23 10:00:00.000,2023-08-23 12:00:00.000
2023-08-24 14:00:00.000,2023-08-24 16:00:00.000
2023-08-25 10:00:00.000,2023-08-25 12:00:00.000